Tranko Rank,Website,Network IP Address,State,GPP String,Section List,GPC Signal,Serialized Ping,Error
3959,https://ziprecruiter.com,102.129.152.176,Florida,DBABLA~BVQVAAAAAWA.YA,[7],True,"{'data': {'applicableSections': [7], 'cmpDisplayStatus': 'disabled', 'cmpId': 340, 'cmpStatus': 'loaded', 'gppString': 'DBABLA~BVQVAAAAAWA.YA', 'gppVersion': '1.1', 'parsedSections': {'usnat': {'Gpc': True, 'GpcSegmentType': 1, 'KnownChildSensitiveDataConsents': [0, 0], 'MspaCoveredTransaction': 1, 'MspaOptOutOptionMode': 1, 'MspaServiceProviderMode': 2, 'PersonalDataConsents': 0, 'SaleOptOut': 1, 'SaleOptOutNotice': 1, 'SensitiveDataLimitUseNotice': 0, 'SensitiveDataProcessing': [0, 0, 0, 0, 0, 0, 0, 0, 0, 0, 0, 0], 'SensitiveDataProcessingOptOutNotice': 0, 'SharingNotice': 1, 'SharingOptOut': 1, 'SharingOptOutNotice': 1, 'TargetedAdvertisingOptOut': 1, 'TargetedAdvertisingOptOutNotice': 1, 'Version': 1}}, 'sectionList': [7], 'signalStatus': 'ready', 'supportedAPIs': ['7:usnat']}, 'success': True}",
4039,https://macrumors.com,102.129.152.176,Florida,DBABzw~1YYY~BVQqAAAAAgI,"[6, 7]",True,"{'data': {'applicableSections': [6, 7], 'cmpDisplayStatus': 'visible', 'cmpId': 1, 'cmpStatus': 'loaded', 'gppString': 'DBABzw~1YYY~BVQqAAAAAgI', 'gppVersion': '1.1', 'parsedSections': {'usnat': {'Gpc': True, 'KnownChildSensitiveDataConsents': [0, 0], 'MspaCoveredTransaction': 2, 'MspaOptOutOptionMode': 0, 'MspaServiceProviderMode': 0, 'PersonalDataConsents': 0, 'SaleOptOut': 2, 'SaleOptOutNotice': 1, 'SensitiveDataLimitUseNotice': 0, 'SensitiveDataProcessing': [0, 0, 0, 0, 0, 0, 0, 0, 0, 0, 0, 0], 'SensitiveDataProcessingOptOutNotice': 0, 'SharingNotice': 1, 'SharingOptOut': 2, 'SharingOptOutNotice': 1, 'SubsectionType': 0, 'TargetedAdvertisingOptOut': 2, 'TargetedAdvertisingOptOutNotice': 1, 'Version': 1}, 'uspv1': '1YYY'}, 'sectionList': [6, 7], 'signalStatus': 'ready', 'supportedAPIs': ['6:uspv1', '7:usnat']}, 'success': True}",
4077,https://gq.com,102.129.152.176,Florida,DBABLA~BVQVAAAABgA.YA,[7],True,"{'data': {'applicableSections': [7], 'cmpDisplayStatus': 'disabled', 'cmpId': 28, 'cmpStatus': 'loaded', 'gppString': 'DBABLA~BVQVAAAABgA.YA', 'gppVersion': '1.1', 'parsedSections': {'usnat': {'Gpc': True, 'GpcSegmentType': 1, 'KnownChildSensitiveDataConsents': [0, 0], 'MspaCoveredTransaction': 2, 'MspaOptOutOptionMode': 0, 'MspaServiceProviderMode': 0, 'PersonalDataConsents': 1, 'SaleOptOut': 1, 'SaleOptOutNotice': 1, 'SensitiveDataLimitUseNotice': 0, 'SensitiveDataProcessing': [0, 0, 0, 0, 0, 0, 0, 0, 0, 0, 0, 0], 'SensitiveDataProcessingOptOutNotice': 0, 'SharingNotice': 1, 'SharingOptOut': 1, 'SharingOptOutNotice': 1, 'TargetedAdvertisingOptOut': 1, 'TargetedAdvertisingOptOutNotice': 1, 'Version': 1}}, 'sectionList': [7], 'signalStatus': 'ready', 'supportedAPIs': ['8:usca', '9:usva', '7:usnat', '10:usco', '12:usct', '11:usut', '2:tcfeuv2']}, 'success': True}",
4082,https://manchestereveningnews.co.uk,102.129.152.176,Florida,DBABLA~BqgAAAAAAkA.YA,[7],,"{'data': {'applicableSections': [7], 'cmpDisplayStatus': 'hidden', 'cmpId': 10, 'cmpStatus': 'loaded', 'gppString': 'DBABLA~BqgAAAAAAkA.YA', 'gppVersion': '1.1', 'parsedSections': {'usnatv1': {'Gpc': True, 'GpcSegmentType': 1, 'KnownChildSensitiveDataConsents': [0, 0], 'MspaCoveredTransaction': 2, 'MspaOptOutOptionMode': 1, 'MspaServiceProviderMode': 0, 'PersonalDataConsents': 0, 'SaleOptOut': 0, 'SaleOptOutNotice': 2, 'SensitiveDataLimitUseNotice': 0, 'SensitiveDataProcessing': [0, 0, 0, 0, 0, 0, 0, 0, 0, 0, 0, 0], 'SensitiveDataProcessingOptOutNotice': 0, 'SharingNotice': 2, 'SharingOptOut': 0, 'SharingOptOutNotice': 2, 'TargetedAdvertisingOptOut': 0, 'TargetedAdvertisingOptOutNotice': 2, 'Version': 1}}, 'sectionList': [7], 'signalStatus': 'ready', 'supportedAPIs': ['2:tcfeuv2', '6:uspv1', '7:usnatv1', '8:usca', '9:usvav1', '10:uscov1', '11:usutv1', '12:usctv1']}, 'success': True}",GPC Retrieval Error: 'usnat'
4090,https://wondershare.com,102.129.152.176,Florida,,,,,"Domain Retrieval Error: HTTPConnectionPool(host='localhost', port=52976): Read timed out. (read timeout=120)"
4094,https://bustle.com,102.129.152.176,Florida,,,,,"Domain Retrieval Error: HTTPConnectionPool(host='localhost', port=52976): Read timed out. (read timeout=120)"
4135,https://foreignpolicy.com,102.129.152.176,Florida,,,,GPP API not found,"GPP Retrieval Error: string indices must be integers, not 'str'"
4191,https://searchengineland.com,102.129.152.176,Florida,DBABLA~BVAUAAAAAAA.QA,[7],False,"{'data': {'applicableSections': [7], 'cmpDisplayStatus': 'visible', 'cmpId': 354, 'cmpStatus': 'loaded', 'gppString': 'DBABLA~BVAUAAAAAAA.QA', 'gppVersion': '1.1', 'parsedSections': {'usnat': {'Gpc': False, 'GpcSegmentType': 1, 'KnownChildSensitiveDataConsents': [0, 0], 'MspaCoveredTransaction': 0, 'MspaOptOutOptionMode': 0, 'MspaServiceProviderMode': 0, 'PersonalDataConsents': 0, 'SaleOptOut': 1, 'SaleOptOutNotice': 1, 'SensitiveDataLimitUseNotice': 0, 'SensitiveDataProcessing': [0, 0, 0, 0, 0, 0, 0, 0, 0, 0, 0, 0], 'SensitiveDataProcessingOptOutNotice': 0, 'SharingNotice': 1, 'SharingOptOut': 1, 'SharingOptOutNotice': 1, 'TargetedAdvertisingOptOut': 0, 'TargetedAdvertisingOptOutNotice': 0, 'Version': 1}}, 'sectionList': [7], 'signalStatus': 'not ready', 'supportedAPIs': '7:usnat'}, 'success': True}",
4235,https://tomshardware.com,102.129.152.176,Florida,DBABLA~BVQqAAAAAgA.YA,[7],True,"{'data': {'applicableSections': [7], 'cmpDisplayStatus': 'hidden', 'cmpId': 6, 'cmpStatus': 'loaded', 'gppString': 'DBABLA~BVQqAAAAAgA.YA', 'gppVersion': '1.1', 'parsedSections': {'usnat': {'Gpc': True, 'GpcSegmentType': 1, 'KnownChildSensitiveDataConsents': [0, 0], 'MspaCoveredTransaction': 2, 'MspaOptOutOptionMode': 0, 'MspaServiceProviderMode': 0, 'PersonalDataConsents': 0, 'SaleOptOut': 2, 'SaleOptOutNotice': 1, 'SensitiveDataLimitUseNotice': 0, 'SensitiveDataProcessing': [0, 0, 0, 0, 0, 0, 0, 0, 0, 0, 0, 0], 'SensitiveDataProcessingOptOutNotice': 0, 'SharingNotice': 1, 'SharingOptOut': 2, 'SharingOptOutNotice': 1, 'TargetedAdvertisingOptOut': 2, 'TargetedAdvertisingOptOutNotice': 1, 'Version': 1}}, 'sectionList': [7], 'signalStatus': 'ready', 'supportedAPIs': ['7:usnat']}, 'success': True}",
4285,https://polygon.com,102.129.152.176,Florida,DBABLA~BVQVAAAABZA.YA,[7],,"{'data': {'applicableSections': [7], 'cmpDisplayStatus': 'disabled', 'cmpId': 28, 'cmpStatus': 'loaded', 'gppString': 'DBABLA~BVQVAAAABZA.YA', 'gppVersion': '1.1', 'parsedSections': {'usnatv1': {'Gpc': True, 'GpcSegmentType': 1, 'KnownChildSensitiveDataConsents': [0, 0], 'MspaCoveredTransaction': 1, 'MspaOptOutOptionMode': 2, 'MspaServiceProviderMode': 1, 'PersonalDataConsents': 1, 'SaleOptOut': 1, 'SaleOptOutNotice': 1, 'SensitiveDataLimitUseNotice': 0, 'SensitiveDataProcessing': [0, 0, 0, 0, 0, 0, 0, 0, 0, 0, 0, 0], 'SensitiveDataProcessingOptOutNotice': 0, 'SharingNotice': 1, 'SharingOptOut': 1, 'SharingOptOutNotice': 1, 'TargetedAdvertisingOptOut': 1, 'TargetedAdvertisingOptOutNotice': 1, 'Version': 1}}, 'sectionList': [7], 'signalStatus': 'ready', 'supportedAPIs': ['8:uscav1', '9:usvav1', '7:usnatv1', '10:uscov1', '12:usctv1', '11:usutv1', '2:tcfeuv2']}, 'success': True}",GPC Retrieval Error: 'usnat'
4317,https://harpersbazaar.com,102.129.152.176,Florida,DBABLA~BVQVAAAAAgA.YA,[7],True,"{'data': {'applicableSections': [7], 'cmpDisplayStatus': 'disabled', 'cmpId': 28, 'cmpStatus': 'loaded', 'gppString': 'DBABLA~BVQVAAAAAgA.YA', 'gppVersion': '1.1', 'parsedSections': {'usnat': {'Gpc': True, 'GpcSegmentType': 1, 'KnownChildSensitiveDataConsents': [0, 0], 'MspaCoveredTransaction': 2, 'MspaOptOutOptionMode': 0, 'MspaServiceProviderMode': 0, 'PersonalDataConsents': 0, 'SaleOptOut': 1, 'SaleOptOutNotice': 1, 'SensitiveDataLimitUseNotice': 0, 'SensitiveDataProcessing': [0, 0, 0, 0, 0, 0, 0, 0, 0, 0, 0, 0], 'SensitiveDataProcessingOptOutNotice': 0, 'SharingNotice': 1, 'SharingOptOut': 1, 'SharingOptOutNotice': 1, 'TargetedAdvertisingOptOut': 1, 'TargetedAdvertisingOptOutNotice': 1, 'Version': 1}}, 'sectionList': [7], 'signalStatus': 'ready', 'supportedAPIs': ['8:usca', '9:usva', '15:usor', '7:usnat', '10:usco', '13:usfl', '12:usct', '14:usmt', '16:ustx', '17:usde', '18:usia', '19:usne', '22:ustn', '21:usnj', '20:usnh', '11:usut', '2:tcfeuv2']}, 'success': True}",
4326,https://index.hu,102.129.152.176,Florida,DBAA,[],,"{'data': {'applicableSections': [7], 'cmpDisplayStatus': 'visible', 'cmpId': 10, 'cmpStatus': 'loaded', 'gppString': 'DBAA', 'gppVersion': '1.1', 'parsedSections': {}, 'sectionList': [], 'signalStatus': 'ready', 'supportedAPIs': ['2:tcfeuv2', '6:uspv1', '7:usnat', '8:usca', '9:usva', '10:usco', '11:usut', '12:usct']}, 'success': True}",GPC Retrieval Error: 'usnat'
4336,https://hellomagazine.com,102.129.152.176,Florida,DBABLA~BVQVAAAAAgA.YA,[7],True,"{'data': {'applicableSections': [7], 'cmpDisplayStatus': 'hidden', 'cmpId': 6, 'cmpStatus': 'loaded', 'gppString': 'DBABLA~BVQVAAAAAgA.YA', 'gppVersion': '1.1', 'parsedSections': {'usnat': {'Gpc': True, 'GpcSegmentType': 1, 'KnownChildSensitiveDataConsents': [0, 0], 'MspaCoveredTransaction': 2, 'MspaOptOutOptionMode': 0, 'MspaServiceProviderMode': 0, 'PersonalDataConsents': 0, 'SaleOptOut': 1, 'SaleOptOutNotice': 1, 'SensitiveDataLimitUseNotice': 0, 'SensitiveDataProcessing': [0, 0, 0, 0, 0, 0, 0, 0, 0, 0, 0, 0], 'SensitiveDataProcessingOptOutNotice': 0, 'SharingNotice': 1, 'SharingOptOut': 1, 'SharingOptOutNotice': 1, 'TargetedAdvertisingOptOut': 1, 'TargetedAdvertisingOptOutNotice': 1, 'Version': 1}}, 'sectionList': [7], 'signalStatus': 'ready', 'supportedAPIs': ['7:usnat']}, 'success': True}",
4370,https://techrepublic.com,102.129.152.176,Florida,DBABLA~BqgAAAAAAACQ.YA,[7],True,"{'data': {'applicableSections': [7], 'cmpDisplayStatus': 'hidden', 'cmpId': 10, 'cmpStatus': 'loaded', 'gppString': 'DBABLA~BqgAAAAAAACQ.YA', 'gppVersion': '1.1', 'parsedSections': {'usnat': {'Gpc': True, 'GpcSegmentType': 1, 'KnownChildSensitiveDataConsents': [0, 0, 0], 'MspaCoveredTransaction': 2, 'MspaOptOutOptionMode': 1, 'MspaServiceProviderMode': 0, 'PersonalDataConsents': 0, 'SaleOptOut': 0, 'SaleOptOutNotice': 2, 'SensitiveDataLimitUseNotice': 0, 'SensitiveDataProcessing': [0, 0, 0, 0, 0, 0, 0, 0, 0, 0, 0, 0, 0, 0, 0, 0], 'SensitiveDataProcessingOptOutNotice': 0, 'SharingNotice': 2, 'SharingOptOut': 0, 'SharingOptOutNotice': 2, 'TargetedAdvertisingOptOut': 0, 'TargetedAdvertisingOptOutNotice': 2, 'Version': 1}}, 'sectionList': [7], 'signalStatus': 'ready', 'supportedAPIs': ['2:tcfeuv2', '6:uspv1', '7:usnat', '8:usca', '9:usva', '10:usco', '11:usut', '12:usct']}, 'success': True}",
4384,https://searchenginejournal.com,102.129.152.176,Florida,DBABLA~BAAAAAAAAACA.YA,[7],True,"{'data': {'applicableSections': [7], 'cmpDisplayStatus': 'hidden', 'cmpId': 10, 'cmpStatus': 'loaded', 'gppString': 'DBABLA~BAAAAAAAAACA.YA', 'gppVersion': '1.1', 'parsedSections': {'usnat': {'Gpc': True, 'GpcSegmentType': 1, 'KnownChildSensitiveDataConsents': [0, 0, 0], 'MspaCoveredTransaction': 2, 'MspaOptOutOptionMode': 0, 'MspaServiceProviderMode': 0, 'PersonalDataConsents': 0, 'SaleOptOut': 0, 'SaleOptOutNotice': 0, 'SensitiveDataLimitUseNotice': 0, 'SensitiveDataProcessing': [0, 0, 0, 0, 0, 0, 0, 0, 0, 0, 0, 0, 0, 0, 0, 0], 'SensitiveDataProcessingOptOutNotice': 0, 'SharingNotice': 0, 'SharingOptOut': 0, 'SharingOptOutNotice': 0, 'TargetedAdvertisingOptOut': 0, 'TargetedAdvertisingOptOutNotice': 0, 'Version': 1}}, 'sectionList': [7], 'signalStatus': 'ready', 'supportedAPIs': ['2:tcfeuv2', '6:uspv1', '7:usnat', '8:usca', '9:usva', '10:usco', '11:usut', '12:usct']}, 'success': True}",
4389,https://denverpost.com,102.129.152.176,Florida,DBACOe~CQQHQsAQQHQsAEXphAENBNEgAAAAAEPgACiQAAALzgGAAcABAACQAGgARAAmABoAEIAI4AgABBwF5gAA~BQQHQsAQQHQsAEXphAENBNCAAAAAAIfAAAAAAvOAYABwAEAAJAAaABEACYAGgAQgAjgCAAEHAXmA~1YY-,"[2, 5, 6]",,"{'data': {'applicableSections': [6], 'cmpDisplayStatus': 'hidden', 'cmpId': 279, 'cmpStatus': 'loaded', 'gppString': 'DBACOe~CQQHQsAQQHQsAEXphAENBNEgAAAAAEPgACiQAAALzgGAAcABAACQAGgARAAmABoAEIAI4AgABBwF5gAA~BQQHQsAQQHQsAEXphAENBNCAAAAAAIfAAAAAAvOAYABwAEAAJAAaABEACYAGgAQgAjgCAAEHAXmA~1YY-', 'gppVersion': '1.1', 'parsedSections': {'tcfcav1': [{'CmpId': 279, 'CmpVersion': 2657, 'ConsentLanguage': 'EN', 'ConsentScreen': 0, 'Created': '2025-04-19T00:00:00.000Z', 'LastUpdated': '2025-04-19T00:00:00.000Z', 'PurposesExpressConsent': [False, False, False, False, False, False, False, False, False, False, False, False, False, False, False, False, False, False, False, False, False, False, False, False], 'PurposesImpliedConsent': [False, True, False, False, False, False, True, True, True, True, True, False, False, False, False, False, False, False, False, False, False, False, False, False], 'SpecialFeatureExpressConsent': [False, False, False, False, False, False, False, False, False, False, False, False], 'TcfPolicyVersion': 2, 'UseNonStandardTexts': False, 'VendorExpressConsent': [], 'VendorImpliedConsent': [28, 32, 36, 52, 68, 76, 104, 132, 142, 256, 263, 755], 'VendorListVersion': 77, 'Version': 1}], 'uspv1': [{'uspString': '1YY-', 'version': 1}]}, 'sectionList': [2, 5, 6], 'signalStatus': 'ready', 'supportedAPIs': ['2:tcfeuv2', '5:tcfcav1', '6:uspv1']}, 'success': True}",GPC Retrieval Error: 'usnat'
4390,https://sciencealert.com,102.129.152.176,Florida,DBABLA~BVQqAAAAAgA,[7],False,"{'data': {'applicableSections': [7], 'cmpDisplayStatus': 'hidden', 'cmpId': 6, 'cmpStatus': 'loaded', 'gppString': 'DBABLA~BVQqAAAAAgA', 'gppVersion': '1.1', 'parsedSections': {'usnat': {'Gpc': False, 'GpcSegmentType': 1, 'KnownChildSensitiveDataConsents': [0, 0], 'MspaCoveredTransaction': 2, 'MspaOptOutOptionMode': 0, 'MspaServiceProviderMode': 0, 'PersonalDataConsents': 0, 'SaleOptOut': 2, 'SaleOptOutNotice': 1, 'SensitiveDataLimitUseNotice': 0, 'SensitiveDataProcessing': [0, 0, 0, 0, 0, 0, 0, 0, 0, 0, 0, 0], 'SensitiveDataProcessingOptOutNotice': 0, 'SharingNotice': 1, 'SharingOptOut': 2, 'SharingOptOutNotice': 1, 'TargetedAdvertisingOptOut': 2, 'TargetedAdvertisingOptOutNotice': 1, 'Version': 1}}, 'sectionList': [7], 'signalStatus': 'ready', 'supportedAPIs': ['7:usnat']}, 'success': True}",
4392,https://247sports.com,102.129.152.176,Florida,DBABLA~BVQVAAAAAgA.YA,[7],True,"{'data': {'applicableSections': [7], 'cmpDisplayStatus': 'disabled', 'cmpId': 28, 'cmpStatus': 'loaded', 'gppString': 'DBABLA~BVQVAAAAAgA.YA', 'gppVersion': '1.1', 'parsedSections': {'usnat': {'Gpc': True, 'GpcSegmentType': 1, 'KnownChildSensitiveDataConsents': [0, 0], 'MspaCoveredTransaction': 2, 'MspaOptOutOptionMode': 0, 'MspaServiceProviderMode': 0, 'PersonalDataConsents': 0, 'SaleOptOut': 1, 'SaleOptOutNotice': 1, 'SensitiveDataLimitUseNotice': 0, 'SensitiveDataProcessing': [0, 0, 0, 0, 0, 0, 0, 0, 0, 0, 0, 0], 'SensitiveDataProcessingOptOutNotice': 0, 'SharingNotice': 1, 'SharingOptOut': 1, 'SharingOptOutNotice': 1, 'TargetedAdvertisingOptOut': 1, 'TargetedAdvertisingOptOutNotice': 1, 'Version': 1}}, 'sectionList': [7], 'signalStatus': 'ready', 'supportedAPIs': ['8:usca', '9:usva', '7:usnat', '10:usco', '12:usct', '11:usut', '2:tcfeuv2']}, 'success': True}",
4407,https://theepochtimes.com,102.129.152.176,Florida,,,,GPP API not found,"GPP Retrieval Error: string indices must be integers, not 'str'"
4411,https://nbcsports.com,102.129.152.176,Florida,DBABLA~BVQVAAAAAgA.YA,[7],,"{'data': {'applicableSections': [7], 'cmpDisplayStatus': 'disabled', 'cmpId': 28, 'cmpStatus': 'loaded', 'gppString': 'DBABLA~BVQVAAAAAgA.YA', 'gppVersion': '1.1', 'parsedSections': {'usnatv1': {'Gpc': True, 'GpcSegmentType': 1, 'KnownChildSensitiveDataConsents': [0, 0], 'MspaCoveredTransaction': 2, 'MspaOptOutOptionMode': 0, 'MspaServiceProviderMode': 0, 'PersonalDataConsents': 0, 'SaleOptOut': 1, 'SaleOptOutNotice': 1, 'SensitiveDataLimitUseNotice': 0, 'SensitiveDataProcessing': [0, 0, 0, 0, 0, 0, 0, 0, 0, 0, 0, 0], 'SensitiveDataProcessingOptOutNotice': 0, 'SharingNotice': 1, 'SharingOptOut': 1, 'SharingOptOutNotice': 1, 'TargetedAdvertisingOptOut': 1, 'TargetedAdvertisingOptOutNotice': 1, 'Version': 1}}, 'sectionList': [7], 'signalStatus': 'ready', 'supportedAPIs': ['8:uscav1', '9:usvav1', '7:usnatv1', '10:uscov1', '12:usctv1', '11:usutv1', '2:tcfeuv2']}, 'success': True}",GPC Retrieval Error: 'usnat'
4437,https://upi.com,102.129.152.176,Florida,,,,GPP API not found,"GPP Retrieval Error: string indices must be integers, not 'str'"
4492,https://architecturaldigest.com,102.129.152.176,Florida,DBABLA~BVQVAAAABgA.YA,[7],True,"{'data': {'applicableSections': [7], 'cmpDisplayStatus': 'disabled', 'cmpId': 28, 'cmpStatus': 'loaded', 'gppString': 'DBABLA~BVQVAAAABgA.YA', 'gppVersion': '1.1', 'parsedSections': {'usnat': {'Gpc': True, 'GpcSegmentType': 1, 'KnownChildSensitiveDataConsents': [0, 0], 'MspaCoveredTransaction': 2, 'MspaOptOutOptionMode': 0, 'MspaServiceProviderMode': 0, 'PersonalDataConsents': 1, 'SaleOptOut': 1, 'SaleOptOutNotice': 1, 'SensitiveDataLimitUseNotice': 0, 'SensitiveDataProcessing': [0, 0, 0, 0, 0, 0, 0, 0, 0, 0, 0, 0], 'SensitiveDataProcessingOptOutNotice': 0, 'SharingNotice': 1, 'SharingOptOut': 1, 'SharingOptOutNotice': 1, 'TargetedAdvertisingOptOut': 1, 'TargetedAdvertisingOptOutNotice': 1, 'Version': 1}}, 'sectionList': [7], 'signalStatus': 'ready', 'supportedAPIs': ['8:usca', '9:usva', '7:usnat', '10:usco', '12:usct', '11:usut', '2:tcfeuv2']}, 'success': True}",
4533,https://oregonlive.com,102.129.152.176,Florida,DBAA,[],,"{'data': {'applicableSections': [-1], 'cmpDisplayStatus': 'hidden', 'cmpId': 407, 'cmpStatus': 'loaded', 'gppString': 'DBAA', 'gppVersion': '1.1', 'parsedSections': {}, 'sectionList': [], 'signalStatus': 'ready', 'supportedAPIs': []}, 'success': True}",GPC Retrieval Error: 'usnat'
4572,https://eater.com,102.129.152.176,Florida,DBABLA~BVQVAAAABZA.YA,[7],,"{'data': {'applicableSections': [7], 'cmpDisplayStatus': 'disabled', 'cmpId': 28, 'cmpStatus': 'loaded', 'gppString': 'DBABLA~BVQVAAAABZA.YA', 'gppVersion': '1.1', 'parsedSections': {'usnatv1': {'Gpc': True, 'GpcSegmentType': 1, 'KnownChildSensitiveDataConsents': [0, 0], 'MspaCoveredTransaction': 1, 'MspaOptOutOptionMode': 2, 'MspaServiceProviderMode': 1, 'PersonalDataConsents': 1, 'SaleOptOut': 1, 'SaleOptOutNotice': 1, 'SensitiveDataLimitUseNotice': 0, 'SensitiveDataProcessing': [0, 0, 0, 0, 0, 0, 0, 0, 0, 0, 0, 0], 'SensitiveDataProcessingOptOutNotice': 0, 'SharingNotice': 1, 'SharingOptOut': 1, 'SharingOptOutNotice': 1, 'TargetedAdvertisingOptOut': 1, 'TargetedAdvertisingOptOutNotice': 1, 'Version': 1}}, 'sectionList': [7], 'signalStatus': 'ready', 'supportedAPIs': ['8:uscav1', '9:usvav1', '7:usnatv1', '10:uscov1', '12:usctv1', '11:usutv1', '2:tcfeuv2']}, 'success': True}",GPC Retrieval Error: 'usnat'
4573,https://iq.com,102.129.152.176,Florida,,[],,"{'data': {'applicableSections': [-1], 'cmpDisplayStatus': 'disabled', 'cmpId': 300, 'cmpStatus': 'loaded', 'gppString': '', 'gppVersion': '1.1', 'parsedSections': {}, 'sectionList': [], 'signalStatus': 'ready', 'supportedAPIs': ['7:usnat']}, 'success': True}",GPC Retrieval Error: 'usnat'
4583,https://cbs.com,102.129.152.176,Florida,DBABLA~BVQVAAAAAgA.YA,[7],,"{'data': {'applicableSections': [7], 'cmpDisplayStatus': 'disabled', 'cmpId': 28, 'cmpStatus': 'loaded', 'gppString': 'DBABLA~BVQVAAAAAgA.YA', 'gppVersion': '1.1', 'parsedSections': {'usnatv1': {'Gpc': True, 'GpcSegmentType': 1, 'KnownChildSensitiveDataConsents': [0, 0], 'MspaCoveredTransaction': 2, 'MspaOptOutOptionMode': 0, 'MspaServiceProviderMode': 0, 'PersonalDataConsents': 0, 'SaleOptOut': 1, 'SaleOptOutNotice': 1, 'SensitiveDataLimitUseNotice': 0, 'SensitiveDataProcessing': [0, 0, 0, 0, 0, 0, 0, 0, 0, 0, 0, 0], 'SensitiveDataProcessingOptOutNotice': 0, 'SharingNotice': 1, 'SharingOptOut': 1, 'SharingOptOutNotice': 1, 'TargetedAdvertisingOptOut': 1, 'TargetedAdvertisingOptOutNotice': 1, 'Version': 1}}, 'sectionList': [7], 'signalStatus': 'ready', 'supportedAPIs': ['8:uscav1', '9:usvav1', '7:usnatv1', '10:uscov1', '12:usctv1', '11:usutv1', '2:tcfeuv2']}, 'success': True}",GPC Retrieval Error: 'usnat'
4585,https://paramount.tech,102.129.152.176,Florida,DBABLA~BVQVAAAAAgA.YA,[7],,"{'data': {'applicableSections': [7], 'cmpDisplayStatus': 'disabled', 'cmpId': 28, 'cmpStatus': 'loaded', 'gppString': 'DBABLA~BVQVAAAAAgA.YA', 'gppVersion': '1.1', 'parsedSections': {'usnatv1': {'Gpc': True, 'GpcSegmentType': 1, 'KnownChildSensitiveDataConsents': [0, 0], 'MspaCoveredTransaction': 2, 'MspaOptOutOptionMode': 0, 'MspaServiceProviderMode': 0, 'PersonalDataConsents': 0, 'SaleOptOut': 1, 'SaleOptOutNotice': 1, 'SensitiveDataLimitUseNotice': 0, 'SensitiveDataProcessing': [0, 0, 0, 0, 0, 0, 0, 0, 0, 0, 0, 0], 'SensitiveDataProcessingOptOutNotice': 0, 'SharingNotice': 1, 'SharingOptOut': 1, 'SharingOptOutNotice': 1, 'TargetedAdvertisingOptOut': 1, 'TargetedAdvertisingOptOutNotice': 1, 'Version': 1}}, 'sectionList': [7], 'signalStatus': 'ready', 'supportedAPIs': ['8:uscav1', '9:usvav1', '7:usnatv1', '10:uscov1', '12:usctv1', '11:usutv1', '2:tcfeuv2']}, 'success': True}",GPC Retrieval Error: 'usnat'
4623,https://consentmanager.net,102.129.152.176,Florida,DBAA,[],,"{'data': {'applicableSections': [0], 'cmpDisplayStatus': 'visible', 'cmpId': 31, 'cmpStatus': 'loaded', 'gppString': 'DBAA', 'gppVersion': '1.1', 'parsedSections': {}, 'sectionList': [], 'signalStatus': 'not ready', 'supportedAPIs': ['2:tcfeuv2', '5:tcfcav1', '7:usnat', '8:usca', '9:usva', '10:usco', '11:usut', '12:usct', '13:usfl', '14:usmt', '15:usor', '16:ustx', '17:usde', '18:usia', '19:usne', '20:usnh', '21:usnj', '22:ustn']}, 'success': True}",GPC Retrieval Error: 'usnat'
4643,https://knowyourmeme.com,102.129.152.176,Florida,,[],,"{'data': {'applicableSections': [-1], 'cmpDisplayStatus': 'disabled', 'cmpId': 300, 'cmpStatus': 'loaded', 'gppString': '', 'gppVersion': '1.1', 'parsedSections': {}, 'sectionList': [], 'signalStatus': 'ready', 'supportedAPIs': ['7:usnat']}, 'success': True}",GPC Retrieval Error: 'usnat'
4645,https://self.com,102.129.152.176,Florida,DBABLA~BVQVAAAABgA.YA,[7],True,"{'data': {'applicableSections': [7], 'cmpDisplayStatus': 'disabled', 'cmpId': 28, 'cmpStatus': 'loaded', 'gppString': 'DBABLA~BVQVAAAABgA.YA', 'gppVersion': '1.1', 'parsedSections': {'usnat': {'Gpc': True, 'GpcSegmentType': 1, 'KnownChildSensitiveDataConsents': [0, 0], 'MspaCoveredTransaction': 2, 'MspaOptOutOptionMode': 0, 'MspaServiceProviderMode': 0, 'PersonalDataConsents': 1, 'SaleOptOut': 1, 'SaleOptOutNotice': 1, 'SensitiveDataLimitUseNotice': 0, 'SensitiveDataProcessing': [0, 0, 0, 0, 0, 0, 0, 0, 0, 0, 0, 0], 'SensitiveDataProcessingOptOutNotice': 0, 'SharingNotice': 1, 'SharingOptOut': 1, 'SharingOptOutNotice': 1, 'TargetedAdvertisingOptOut': 1, 'TargetedAdvertisingOptOutNotice': 1, 'Version': 1}}, 'sectionList': [7], 'signalStatus': 'ready', 'supportedAPIs': ['8:usca', '9:usva', '7:usnat', '10:usco', '12:usct', '11:usut', '2:tcfeuv2']}, 'success': True}",
4696,https://wired.co.uk,102.129.152.176,Florida,DBABLA~BVQVAAAABgA.YA,[7],True,"{'data': {'applicableSections': [7], 'cmpDisplayStatus': 'disabled', 'cmpId': 28, 'cmpStatus': 'loaded', 'gppString': 'DBABLA~BVQVAAAABgA.YA', 'gppVersion': '1.1', 'parsedSections': {'usnat': {'Gpc': True, 'GpcSegmentType': 1, 'KnownChildSensitiveDataConsents': [0, 0], 'MspaCoveredTransaction': 2, 'MspaOptOutOptionMode': 0, 'MspaServiceProviderMode': 0, 'PersonalDataConsents': 1, 'SaleOptOut': 1, 'SaleOptOutNotice': 1, 'SensitiveDataLimitUseNotice': 0, 'SensitiveDataProcessing': [0, 0, 0, 0, 0, 0, 0, 0, 0, 0, 0, 0], 'SensitiveDataProcessingOptOutNotice': 0, 'SharingNotice': 1, 'SharingOptOut': 1, 'SharingOptOutNotice': 1, 'TargetedAdvertisingOptOut': 1, 'TargetedAdvertisingOptOutNotice': 1, 'Version': 1}}, 'sectionList': [7], 'signalStatus': 'ready', 'supportedAPIs': ['8:usca', '9:usva', '7:usnat', '10:usco', '12:usct', '11:usut', '2:tcfeuv2']}, 'success': True}",
4703,https://worldtimeserver.com,102.129.152.176,Florida,DBABzw~1YNY~BVQqAAAAAgA,"[6, 7]",,"{'data': {'applicableSections': [7], 'cmpDisplayStatus': 'hidden', 'cmpId': 46, 'cmpStatus': 'loaded', 'gppString': 'DBABzw~1YNY~BVQqAAAAAgA', 'gppVersion': '1.1', 'parsedSections': {'usnatv1': {'Gpc': False, 'GpcSegmentType': 1, 'KnownChildSensitiveDataConsents': [0, 0], 'MspaCoveredTransaction': 2, 'MspaOptOutOptionMode': 0, 'MspaServiceProviderMode': 0, 'PersonalDataConsents': 0, 'SaleOptOut': 2, 'SaleOptOutNotice': 1, 'SensitiveDataLimitUseNotice': 0, 'SensitiveDataProcessing': [0, 0, 0, 0, 0, 0, 0, 0, 0, 0, 0, 0], 'SensitiveDataProcessingOptOutNotice': 0, 'SharingNotice': 1, 'SharingOptOut': 2, 'SharingOptOutNotice': 1, 'TargetedAdvertisingOptOut': 2, 'TargetedAdvertisingOptOutNotice': 1, 'Version': 1}, 'uspv1': {'LspaCovered': 'Y', 'Notice': 'Y', 'OptOutSale': 'N', 'Version': 1}}, 'sectionList': [6, 7], 'signalStatus': 'ready', 'supportedAPIs': []}, 'success': True}",GPC Retrieval Error: 'usnat'
4761,https://websupport.sk,102.129.152.176,Florida,DBABL~BVQWAAAAAAA.YA,[7],True,"{'data': {'applicableSections': [2, 7], 'cmpDisplayStatus': 'visible', 'cmpId': 123, 'cmpStatus': 'loaded', 'gppString': 'DBABL~BVQWAAAAAAA.YA', 'gppVersion': '1.1', 'parsedSections': {'usnat': {'Gpc': True, 'KnownChildSensitiveDataConsents': [0, 0], 'MspaCoveredTransaction': 0, 'MspaOptOutOptionMode': 0, 'MspaServiceProviderMode': 0, 'PersonalDataConsents': 0, 'SaleOptOut': 1, 'SaleOptOutNotice': 1, 'SensitiveDataLimitUseNotice': 0, 'SensitiveDataProcessing': [0, 0, 0, 0, 0, 0, 0, 0, 0, 0, 0, 0], 'SensitiveDataProcessingOptOutNotice': 0, 'SharingNotice': 1, 'SharingOptOut': 1, 'SharingOptOutNotice': 1, 'SubsectionType': 1, 'TargetedAdvertisingOptOut': 2, 'TargetedAdvertisingOptOutNotice': 1, 'Version': 1}}, 'sectionList': [7], 'signalStatus': 'not ready', 'supportedAPIs': ['2:tcfeuv2', '7:usnat']}, 'success': True}",
4763,https://shrm.org,102.129.152.176,Florida,,,,GPP API not found,"GPP Retrieval Error: string indices must be integers, not 'str'"
4800,https://cntraveler.com,102.129.152.176,Florida,,,,,"Domain Retrieval Error: HTTPConnectionPool(host='localhost', port=52976): Read timed out. (read timeout=120)"
4826,https://gmu.edu,102.129.152.176,Florida,,,,,"Domain Retrieval Error: HTTPConnectionPool(host='localhost', port=52976): Read timed out. (read timeout=120)"
4839,https://gta5-mods.com,102.129.152.176,Florida,DBABzw~1YNY~BVQqAAAAAgA,"[6, 7]",,"{'data': {'applicableSections': [7], 'cmpDisplayStatus': 'hidden', 'cmpId': 46, 'cmpStatus': 'loaded', 'gppString': 'DBABzw~1YNY~BVQqAAAAAgA', 'gppVersion': '1.1', 'parsedSections': {'usnatv1': {'Gpc': False, 'GpcSegmentType': 1, 'KnownChildSensitiveDataConsents': [0, 0], 'MspaCoveredTransaction': 2, 'MspaOptOutOptionMode': 0, 'MspaServiceProviderMode': 0, 'PersonalDataConsents': 0, 'SaleOptOut': 2, 'SaleOptOutNotice': 1, 'SensitiveDataLimitUseNotice': 0, 'SensitiveDataProcessing': [0, 0, 0, 0, 0, 0, 0, 0, 0, 0, 0, 0], 'SensitiveDataProcessingOptOutNotice': 0, 'SharingNotice': 1, 'SharingOptOut': 2, 'SharingOptOutNotice': 1, 'TargetedAdvertisingOptOut': 2, 'TargetedAdvertisingOptOutNotice': 1, 'Version': 1}, 'uspv1': {'LspaCovered': 'Y', 'Notice': 'Y', 'OptOutSale': 'N', 'Version': 1}}, 'sectionList': [6, 7], 'signalStatus': 'ready', 'supportedAPIs': []}, 'success': True}",GPC Retrieval Error: 'usnat'
4877,https://bluestacks.com,102.129.152.176,Florida,,[],,"{'data': {'applicableSections': [-1], 'cmpDisplayStatus': 'hidden', 'cmpId': 10, 'cmpStatus': 'stub', 'gppString': '', 'gppVersion': '1.1', 'parsedSections': {}, 'sectionList': [], 'signalStatus': 'not ready', 'supportedAPIs': ['2:tcfeuv2', '6:uspv1', '7:usnatv1', '8:usca', '9:usvav1', '10:uscov1', '11:usutv1', '12:usctv1']}, 'success': True}",GPC Retrieval Error: 'usnat'
4895,https://the-sun.com,102.129.152.176,Florida,DBABLA~BVQVAAAAAgA.YA,[7],True,"{'data': {'applicableSections': [7], 'cmpDisplayStatus': 'hidden', 'cmpId': 6, 'cmpStatus': 'loaded', 'gppString': 'DBABLA~BVQVAAAAAgA.YA', 'gppVersion': '1.1', 'parsedSections': {'usnat': {'Gpc': True, 'GpcSegmentType': 1, 'KnownChildSensitiveDataConsents': [0, 0], 'MspaCoveredTransaction': 2, 'MspaOptOutOptionMode': 0, 'MspaServiceProviderMode': 0, 'PersonalDataConsents': 0, 'SaleOptOut': 1, 'SaleOptOutNotice': 1, 'SensitiveDataLimitUseNotice': 0, 'SensitiveDataProcessing': [0, 0, 0, 0, 0, 0, 0, 0, 0, 0, 0, 0], 'SensitiveDataProcessingOptOutNotice': 0, 'SharingNotice': 1, 'SharingOptOut': 1, 'SharingOptOutNotice': 1, 'TargetedAdvertisingOptOut': 1, 'TargetedAdvertisingOptOutNotice': 1, 'Version': 1}}, 'sectionList': [7], 'signalStatus': 'ready', 'supportedAPIs': ['7:usnat']}, 'success': True}",
5723,https://ncaa.com,102.129.152.176,Florida,,,,GPP API not found,"GPP Retrieval Error: string indices must be integers, not 'str'"
