"url","name","value","domain","path","expires","httpOnly","secure","sameSite"
"https://sofascore.com","OTGPPConsent","DBABLA~BVQqAAAAAgA.QA",".www.eonline.com","/",1779460275.071621,false,false,"Lax"
"https://myanimelist.net","OTGPPConsent","DBABLA~BVQqAAAAAgA.QA",".www.eonline.com","/",1779460275.071621,false,false,"Lax"
"https://cbslocal.com","OTGPPConsent","DBABLA~BVQqAAAAAgA.QA",".www.eonline.com","/",1779460275.071621,false,false,"Lax"
"https://breitbart.com","OTGPPConsent","DBABLA~BVQqAAAAAgA.QA",".www.eonline.com","/",1779460275.071621,false,false,"Lax"
"https://hgtv.com","OTGPPConsent","DBABLA~BVQqAAAAAgA.QA",".www.eonline.com","/",1779460275.071621,false,false,"Lax"
"https://tomsguide.com","OTGPPConsent","DBABLA~BVQqAAAAAgA.QA",".www.eonline.com","/",1779460275.071621,false,false,"Lax"
"https://home.pl","OTGPPConsent","DBABLA~BVQqAAAAAgA.QA",".www.eonline.com","/",1779460275.071621,false,false,"Lax"
"https://menshealth.com","OTGPPConsent","DBABLA~BVQqAAAAAgA.QA",".www.eonline.com","/",1779460275.071621,false,false,"Lax"
"https://drugs.com","OTGPPConsent","DBABLA~BVQqAAAAAgA.QA",".www.eonline.com","/",1779460275.071621,false,false,"Lax"
"https://space.com","OTGPPConsent","DBABLA~BVQqAAAAAgA.QA",".www.eonline.com","/",1779460275.071621,false,false,"Lax"
"https://outlookindia.com","OTGPPConsent","DBABLA~BVQqAAAAAgA.QA",".www.eonline.com","/",1779460275.071621,false,false,"Lax"
"https://news18.com","OTGPPConsent","DBABLA~BVQqAAAAAgA.QA",".www.eonline.com","/",1779460275.071621,false,false,"Lax"
"https://mercurynews.com","OTGPPConsent","DBABLA~BVQqAAAAAgA.QA",".www.eonline.com","/",1779460275.071621,false,false,"Lax"
"https://tvtropes.org","OTGPPConsent","DBABLA~BVQqAAAAAgA.QA",".www.eonline.com","/",1779460275.071621,false,false,"Lax"
"https://archdaily.com","OTGPPConsent","DBABLA~BVQqAAAAAgA.QA",".www.eonline.com","/",1779460275.071621,false,false,"Lax"
"https://answers.com","OTGPPConsent","DBABLA~BVQqAAAAAgA.QA",".www.eonline.com","/",1779460275.071621,false,false,"Lax"
"https://nj.com","OTGPPConsent","DBABLA~BVQqAAAAAgA.QA",".www.eonline.com","/",1779460275.071621,false,false,"Lax"
"https://nj.com","OTGPPConsent","DBABBg~BUoAAAKA.QA",".answers.com","/",1776436303,false,false,"Lax"
"https://pagesix.com","OTGPPConsent","DBABLA~BVQqAAAAAgA.QA",".www.eonline.com","/",1779460275.071621,false,false,"Lax"
"https://pagesix.com","OTGPPConsent","DBABBg~BUoAAAKA.QA",".answers.com","/",1776436303,false,false,"Lax"
"https://pcgamer.com","OTGPPConsent","DBABLA~BVQqAAAAAgA.QA",".www.eonline.com","/",1779460275.071621,false,false,"Lax"
"https://pcgamer.com","OTGPPConsent","DBABBg~BUoAAAKA.QA",".answers.com","/",1776436303,false,false,"Lax"
"https://insider.com","OTGPPConsent","DBABLA~BVQqAAAAAgA.QA",".www.eonline.com","/",1779460275.071621,false,false,"Lax"
"https://insider.com","OTGPPConsent","DBABBg~BUoAAAKA.QA",".answers.com","/",1776436303,false,false,"Lax"
"https://my.games","OTGPPConsent","DBABLA~BVQqAAAAAgA.QA",".www.eonline.com","/",1779460275.071621,false,false,"Lax"
"https://my.games","OTGPPConsent","DBABBg~BUoAAAKA.QA",".answers.com","/",1776436303,false,false,"Lax"
"https://popsci.com","OTGPPConsent","DBABLA~BVQqAAAAAgA.QA",".www.eonline.com","/",1779460275.071621,false,false,"Lax"
"https://popsci.com","OTGPPConsent","DBABBg~BUoAAAKA.QA",".answers.com","/",1776436303,false,false,"Lax"
"https://thesaurus.com","OTGPPConsent","DBABLA~BVQqAAAAAgA.QA",".www.eonline.com","/",1779460275.071621,false,false,"Lax"
"https://thesaurus.com","OTGPPConsent","DBABBg~BUoAAAKA.QA",".answers.com","/",1776436303,false,false,"Lax"
"https://aljazeera.net","OTGPPConsent","DBABLA~BVQqAAAAAgA.QA",".www.eonline.com","/",1779460275.071621,false,false,"Lax"
"https://aljazeera.net","OTGPPConsent","DBABBg~BUoAAAKA.QA",".answers.com","/",1776436303,false,false,"Lax"
"https://aljazeera.net","OTGPPConsent","DBABLA~BVQqAAAACgA.QA",".thesaurus.com","/",1776436314,false,false,"Lax"
"http://www.thetimes.com","OTGPPConsent","DBABLA~BVQqAAAAAgA.QA",".www.eonline.com","/",1779460275.071621,false,false,"Lax"
"http://www.thetimes.com","OTGPPConsent","DBABBg~BUoAAAKA.QA",".answers.com","/",1776436303,false,false,"Lax"
"http://www.thetimes.com","OTGPPConsent","DBABLA~BVQqAAAACgA.QA",".thesaurus.com","/",1776436314,false,false,"Lax"
"https://nbcuni.com","OTGPPConsent","DBABLA~BVQqAAAAAgA.QA",".www.eonline.com","/",1779460275.071621,false,false,"Lax"
"https://nbcuni.com","OTGPPConsent","DBABBg~BUoAAAKA.QA",".answers.com","/",1776436303,false,false,"Lax"
"https://nbcuni.com","OTGPPConsent","DBABLA~BVQqAAAACgA.QA",".thesaurus.com","/",1776436314,false,false,"Lax"
"https://emojipedia.org","OTGPPConsent","DBABLA~BVQqAAAAAgA.QA",".www.eonline.com","/",1779460275.071621,false,false,"Lax"
"https://emojipedia.org","OTGPPConsent","DBABBg~BUoAAAKA.QA",".answers.com","/",1776436303,false,false,"Lax"
"https://emojipedia.org","OTGPPConsent","DBABLA~BVQqAAAACgA.QA",".thesaurus.com","/",1776436314,false,false,"Lax"
"https://computerworld.com","OTGPPConsent","DBABLA~BVQqAAAAAgA.QA",".www.eonline.com","/",1779460275.071621,false,false,"Lax"
"https://computerworld.com","OTGPPConsent","DBABBg~BUoAAAKA.QA",".answers.com","/",1776436303,false,false,"Lax"
"https://computerworld.com","OTGPPConsent","DBABLA~BVQqAAAACgA.QA",".thesaurus.com","/",1776436314,false,false,"Lax"
"https://gamesradar.com","OTGPPConsent","DBABLA~BVQqAAAAAgA.QA",".www.eonline.com","/",1779460275.071621,false,false,"Lax"
"https://gamesradar.com","OTGPPConsent","DBABBg~BUoAAAKA.QA",".answers.com","/",1776436303,false,false,"Lax"
"https://gamesradar.com","OTGPPConsent","DBABLA~BVQqAAAACgA.QA",".thesaurus.com","/",1776436314,false,false,"Lax"
"https://atlasobscura.com","OTGPPConsent","DBABLA~BVQqAAAAAgA.QA",".www.eonline.com","/",1779460275.071621,false,false,"Lax"
"https://atlasobscura.com","OTGPPConsent","DBABBg~BUoAAAKA.QA",".answers.com","/",1776436303,false,false,"Lax"
"https://atlasobscura.com","OTGPPConsent","DBABLA~BVQqAAAACgA.QA",".thesaurus.com","/",1776436314,false,false,"Lax"
"https://ziprecruiter.com","OTGPPConsent","DBABLA~BVQqAAAAAgA.QA",".www.eonline.com","/",1779460275.071621,false,false,"Lax"
"https://ziprecruiter.com","OTGPPConsent","DBABBg~BUoAAAKA.QA",".answers.com","/",1776436303,false,false,"Lax"
"https://ziprecruiter.com","OTGPPConsent","DBABLA~BVQqAAAACgA.QA",".thesaurus.com","/",1776436314,false,false,"Lax"